id,first_name,last_name,email,password,created_at
1,Baptiste,Leroy,baptiste.leroy4@example.com,bale2025!,2023-10-25 14:51:28
2,Malo,Laurent,malo.laurent76@example.com,malo64#,2025-01-21 22:10:28
3,Emma,Colin,emma.colin26@example.com,emma93#,2024-06-14 20:31:28
4,Luca,Duval,luca.duval21@example.com,luca99#,2025-02-09 04:42:28
5,Léa,Gauthier,léa.gauthier13@example.com,LGauthier967,2025-08-03 15:19:28
6,Malo,Leroy,malo.leroy49@example.com,malo_leroy41,2024-09-11 20:36:28
7,Louna,Moreau,louna.moreau6@example.com,lomo2025!,2025-01-22 11:24:28
8,Anna,Meyer,anna.meyer82@example.com,anna56#,2023-11-01 06:04:28
9,Océane,Henry,océane.henry10@example.com,océane87#,2025-04-03 00:24:28
10,Anna,Renaud,anna.renaud89@example.com,anre2025!,2025-01-26 12:57:28
11,Théo,Garçon,théo.garçon35@example.com,TGarçon316,2025-02-11 18:17:28
12,Mila,Henry,mila.henry59@example.com,mila_henry16,2024-03-15 06:01:28
13,Anaïs,Royer,anaïs.royer75@example.com,anaïs_royer9,2024-04-30 12:00:28
14,Chloé,Leroy,chloé.leroy20@example.com,chloé_leroy28,2025-07-14 02:24:28
15,Gaspard,Meyer,gaspard.meyer68@example.com,game2025!,2023-10-19 21:00:28
16,Anna,Barbier,anna.barbier83@example.com,anna53#,2024-06-10 14:02:28
17,Victor,Girard,victor.girard65@example.com,VGirard619,2023-12-02 22:10:28
18,Gabriel,Garcia,gabriel.garcia48@example.com,gabriel_garcia1,2024-10-20 23:47:28
19,Manon,Lemaire,manon.lemaire40@example.com,male2025!,2025-06-21 15:17:28
20,Ethan,Duval,ethan.duval69@example.com,ethan_duval31,2025-04-01 06:15:28
21,Gaspard,Royer,gaspard.royer28@example.com,gaspard79#,2024-11-02 02:06:28
22,Adèle,Lemaire,adèle.lemaire57@example.com,adèle76#,2025-07-14 04:47:28
23,Anaïs,Colin,anaïs.colin30@example.com,anco2025!,2025-01-26 11:51:28
24,Noah,Chevalier,noah.chevalier10@example.com,Passw0rd!36,2025-02-09 21:40:28
25,Victor,Martinez,victor.martinez74@example.com,victor70#,2025-06-13 11:06:28
26,Lina,Andre,lina.andre55@example.com,lian2025!,2025-07-17 02:02:28
27,Lucie,Simon,lucie.simon32@example.com,lucie34#,2024-07-12 09:31:28
28,Eva,Fournier,eva.fournier10@example.com,evfo2025!,2023-11-19 20:55:28
29,Luca,Laurent,luca.laurent97@example.com,Passw0rd!53,2025-02-11 01:51:28
30,Chloé,David,chloé.david49@example.com,CDavid499,2024-07-10 16:02:28
31,Elsa,Picard,elsa.picard92@example.com,elsa72#,2025-07-19 20:01:28
32,Malo,Durand,malo.durand96@example.com,Passw0rd!7,2024-04-20 22:38:28
33,Chloé,Blanchard,chloé.blanchard11@example.com,chloé33#,2024-07-31 10:52:28
34,Nolan,Fournier,nolan.fournier75@example.com,Passw0rd!80,2023-11-13 20:12:28
35,Maya,Garnier,maya.garnier34@example.com,maya36#,2024-12-20 02:40:28
36,Clément,Henry,clément.henry39@example.com,clhe2025!,2024-06-04 19:12:28
37,Mathis,Moreau,mathis.moreau69@example.com,MMoreau618,2025-07-09 07:25:28
38,Maxime,David,maxime.david57@example.com,maxime_david40,2025-09-08 16:56:28
39,Elsa,Leclerc,elsa.leclerc85@example.com,elle2025!,2025-05-30 15:13:28
40,Inès,Bonnet,inès.bonnet37@example.com,inès87#,2023-10-14 17:54:28
41,Louis,Blanchard,louis.blanchard63@example.com,Passw0rd!7,2024-12-08 13:48:28
42,Lucie,Barbier,lucie.barbier17@example.com,Passw0rd!21,2024-03-01 16:21:28
43,Elsa,Martin,elsa.martin15@example.com,elma2025!,2024-09-03 20:13:28
44,Inès,Royer,inès.royer17@example.com,IRoyer415,2025-02-13 17:33:28
45,Clément,Simon,clément.simon46@example.com,clément81#,2025-01-18 08:57:28
46,Camille,Perrin,camille.perrin4@example.com,camille32#,2024-12-18 08:58:28
47,Marius,Simon,marius.simon49@example.com,marius14#,2024-06-03 03:29:28
48,Arthur,Morel,arthur.morel4@example.com,AMorel297,2025-07-08 06:26:28
49,Adèle,Blanchard,adèle.blanchard52@example.com,adbl2025!,2025-05-22 06:37:28
50,Anaïs,Girard,anaïs.girard5@example.com,AGirard710,2024-06-27 19:16:28
